ID_Transaccion,Fecha,Producto,Categoria,Ciudad,Cantidad,Precio_Unitario,Costo_Unitario,Descuento_pct,Costo_Envio
1340,2023-09-21,Audifonos Bluetooth,Audio,Barranqilla,4.0,450,250,0.0,150
1041,2023-09-03,Smartwatch Q,Wearables,Cali,2.0,300,180,0.05,200
1187,2023-11-12,Laptop Gamer Z,Laptops,Bogotá,1.0,2500,1800,0.0,150
1477,2023-10-31,Laptop Gamer Z,Laptops,Cali,3.0,2500,1800,0.0,200
1031,2023-09-29,Smartwatch Q,Wearables,Leticia,3.0,300,180,0.0,1650
1174,2023-10-24,Laptop Gamer Z,Laptops,Bogotá,3.0,2500,1800,0.0,150
1051,2023-11-30,Smartwatch Q,Wearables,Cartagena,3.0,300,180,0.4,250
1119,2023-11-15,Smartphone Pro X,Smartphones,Cartagena,2.0,800,550,0.0,250
1189,2023-09-05,Audifonos Bluetooth,Audio,Cali,2.0,450,250,0.0,200
1387,2023-10-13,Laptop Gamer Z,Laptops,Leticia,3.0,2500,1800,0.2,1650
1050,2023-09-07,Smartwatch Q,Wearables,Barranquilla,3.0,300,180,0.0,220
1236,2023-09-28,Smartwatch Q,Wearables,Bogotá,4.0,300,180,0.0,150
1054,2023-10-26,Smartwatch Q,Wearables,Cali,3.0,300,180,0.2,200
1127,2023-11-11,Smartwatch Q,Wearables,Barranquilla,3.0,300,180,0.0,220
1153,2023-11-03,Smartphone Pro X,Smartphones,Leticia,4.0,800,550,0.0,1650
1007,2023-10-26,Smartphone Pro X,Smartphones,Medellín,4.0,800,550,0.15,180
1355,2023-09-23,Laptop Gamer Z,Laptops,Leticia,2.0,2500,1800,0.0,1650
1215,2023-11-17,Smartwatch Q,Wearables,Cartagena,3.0,300,180,0.15,250
1471,2023-09-23,Smartwatch Q,Wearables,Leticia,3.0,300,180,0.0,1650
1200,2023-11-24,Smartwatch Q,Wearables,Bogotá,2.0,300,180,0.4,150
1390,2023-10-18,Smartwatch Q,Wearables,Cali,2.0,300,180,0.0,200
1491,2023-10-23,Laptop Gamer Z,Laptops,Barranquilla,2.0,2500,1800,0.0,220
1308,2023-09-06,Audifonos Bluetooth,Audio,Cartagena,3.0,450,250,0.0,250
1452,2023-11-10,Audifonos Bluetooth,Audio,Medellín,3.0,450,250,0.05,180
1448,2023-10-31,Smartwatch Q,Wearables,Leticia,3.0,300,180,0.0,1650
1371,2023-10-11,Smartphone Pro X,Smartphones,Cartagena,4.0,800,550,0.0,250
1238,2023-10-23,Audifonos Bluetooth,Audio,Cartagena,1.0,450,250,0.0,250
1247,2023-09-09,Smartphone Pro X,Smartphones,Cali,2.0,800,550,0.0,200
1218,2023-11-13,Audifonos Bluetooth,Audio,Bogotá,4.0,450,250,0.05,150
1047,2023-10-22,Smartwatch Q,Wearables,Bogotá,2.0,300,180,0.0,150
1264,2023-11-19,Audifonos Bluetooth,Audio,Cartagena,4.0,450,250,0.0,250
1087,2023-11-20,Smartphone Pro X,Smartphones,Cartagena,1.0,800,550,0.0,250
1072,2023-10-22,Smartwatch Q,Wearables,Bogotá,3.0,300,180,0.0,150
1210,2023-10-27,Smartwatch Q,Wearables,Cali,4.0,300,180,0.0,200
1195,2023-09-19,Smartwatch Q,Wearables,Leticia,1.0,300,180,0.2,1650
1442,2023-11-26,Laptop Gamer Z,Laptops,Bogotá,4.0,2500,1800,0.4,150
1114,2023-11-16,Smartphone Pro X,Smartphones,Barranquilla,1.0,800,550,0.0,220
1008,2023-09-10,Smartwatch Q,Wearables,Barranquilla,1.0,300,180,0.0,220
1126,2023-09-21,Laptop Gamer Z,Laptops,Barranquilla,2.0,2500,1800,0.0,220
1213,2023-09-22,Smartwatch Q,Wearables,Barranquilla,2.0,300,180,0.05,220
1137,2023-10-01,Laptop Gamer Z,Laptops,Bogotá,4.0,2500,1800,0.2,150
1267,2023-09-15,Laptop Gamer Z,Laptops,Bogotá,1.0,2500,1800,0.1,150
1178,2023-10-24,Audifonos Bluetooth,Audio,Cartagena,2.0,450,250,0.0,250
1473,2023-09-13,Audifonos Bluetooth,Audio,Cali,1.0,450,250,0.0,200
1288,2023-10-27,Smartwatch Q,Wearables,Medellín,4.0,300,180,0.15,180
1317,2023-09-17,Smartphone Pro X,Smartphones,Medellín,1.0,800,550,0.0,180
1274,2023-09-05,Smartwatch Q,Wearables,Leticia,3.0,300,180,0.05,1650
1033,2023-09-10,Audifonos Bluetooth,Audio,Medellín,,450,250,0.0,180
1440,2023-09-17,Laptop Gamer Z,Laptops,Cali,3.0,2500,1800,0.0,200
1180,2023-11-18,Smartphone Pro X,Smartphones,Bogotá,4.0,800,550,0.0,150
1412,2023-09-25,Smartphone Pro X,Smartphones,Bogotá,1.0,800,550,0.0,150
1360,2023-10-18,Smartphone Pro X,Smartphones,Barranquilla,4.0,800,550,0.0,220
1155,2023-09-04,Audifonos Bluetooth,Audio,Bogotá,4.0,450,250,0.15,150
1295,2023-09-08,Audifonos Bluetooth,Audio,Medellín,4.0,450,250,0.0,180
1290,2023-11-20,Laptop Gamer Z,Laptops,Cali,3.0,2500,1800,0.0,200
1212,2023-09-25,Audifonos Bluetooth,Audio,Barranquilla,2.0,450,250,0.0,220
1329,2023-10-10,Smartphone Pro X,Smartphones,Medellín,4.0,800,550,0.0,180
1217,2023-10-14,Audifonos Bluetooth,Audio,Cali,4.0,450,250,0.0,200
1399,2023-10-03,Audifonos Bluetooth,Audio,Cali,4.0,450,250,0.0,200
1045,2023-10-31,Laptop Gamer Z,Laptops,Bogotá,4.0,2500,1800,0.0,150
1101,2023-09-21,Smartwatch Q,Wearables,Cartagena,2.0,300,180,0.0,250
1049,2023-11-18,Audifonos Bluetooth,Audio,Cartagena,2.0,450,250,0.0,250
1398,2023-09-03,Audifonos Bluetooth,Audio,Barranquilla,1.0,450,250,0.0,220
1372,2023-11-27,Smartphone Pro X,Smartphones,Bogotá,3.0,800,550,0.45,150
1472,2023-11-04,Smartphone Pro X,Smartphones,Bogotá,3.0,800,550,0.0,150
1432,2023-10-06,Audifonos Bluetooth,Audio,Cartagena,1.0,450,250,0.0,250
1349,2023-09-05,Audifonos Bluetooth,Audio,Medellín,1.0,450,250,0.15,180
1104,2023-10-21,Laptop Gamer Z,Laptops,Cali,1.0,2500,1800,0.0,200
1379,2023-09-28,Smartphone Pro X,Smartphones,Medellín,3.0,800,550,0.0,180
1426,2023-10-26,Smartphone Pro X,Smartphones,Cali,2.0,800,550,0.0,200
1094,2023-11-14,Smartphone Pro X,Smartphones,Leticia,1.0,800,550,0.0,1650
1359,2023-11-26,Smartwatch Q,Wearables,Cali,4.0,300,180,0.45,200
1116,2023-11-05,Laptop Gamer Z,Laptops,Leticia,1.0,2500,1800,0.0,1650
1405,2023-11-14,Audifonos Bluetooth,audio,Medellín,1.0,450,250,0.0,180
1385,2023-09-15,Smartwatch Q,Wearables,Bogotá,2.0,300,180,0.0,150
1058,2023-11-22,Smartwatch Q,Wearables,Leticia,2.0,300,180,0.05,1650
1421,2023-11-20,Audifonos Bluetooth,Audio,Bogotá,4.0,450,250,0.0,150
1235,2023-10-28,Audifonos Bluetooth,Audio,Barranquilla,1.0,450,250,0.0,220
1100,2023-09-14,Smartphone Pro X,Smartphones,Barranquilla,2.0,800,550,0.1,220
1459,2023-10-14,Audifonos Bluetooth,Audio,Barranquilla,1.0,450,250,0.0,220
1004,2023-10-07,Laptop Gamer Z,Laptops,Bogotá,3.0,2500,1800,0.0,150
1156,2023-11-13,Smartwatch Q,Wearables,Barranquilla,4.0,300,180,0.0,220
1310,2023-09-29,Laptop Gamer Z,Laptops,Barranquilla,1.0,2500,1800,0.0,220
1323,2023-10-27,Laptop Gamer Z,Laptops,Cali,3.0,2500,1800,0.0,200
1157,2023-10-20,Laptop Gamer Z,Laptops,Medellín,4.0,2500,1800,0.0,180
1461,2023-11-07,Audifonos Bluetooth,Audio,Barranquilla,2.0,450,250,0.0,220
1300,2023-09-13,Smartphone Pro X,Smartphones,Leticia,3.0,800,550,0.0,1650
1085,2023-11-20,Laptop Gamer Z,Laptops,Barranquilla,2.0,2500,1800,0.0,220
1365,2023-09-20,Smartphone Pro X,Smartphones,Bogotá,2.0,800,550,0.0,150
1352,2023-09-08,Audifonos Bluetooth,Audio,Leticia,2.0,450,250,0.0,1650
1209,2023-11-15,Audifonos Bluetooth,Audio,Bogotá,1.0,450,250,0.0,150
1092,2023-10-10,Smartwatch Q,Wearables,Bogotá,2.0,300,180,0.0,150
1029,2023-10-11,Laptop Gamer Z,Laptops,Cartagena,4.0,2500,1800,0.0,250
1052,2023-09-11,Audifonos Bluetooth,Audio,Barranquilla,1.0,450,250,0.0,220
1103,2023-09-15,Audifonos Bluetooth,Audio,Cali,4.0,450,250,0.1,200
1232,2023-11-06,Laptop Gamer Z,WEARABLES,Barranquilla,3.0,2500,1800,0.0,220
1112,2023-11-08,Audifonos Bluetooth,Audio,Bogotá,1.0,450,250,0.2,150
1483,2023-09-18,Smartphone Pro X,Smartphones,Bogotá,1.0,800,550,0.0,150
1142,2023-11-26,Smartwatch Q,Wearables,Cali,3.0,300,180,0.45,200
1252,2023-11-22,Smartwatch Q,Wearables,Bogotá,3.0,300,180,0.0,150
1246,2023-10-02,Smartwatch Q,Wearables,Cartagena,1.0,300,180,0.0,250
1270,2023-09-09,Smartwatch Q,Wearables,Barranquilla,4.0,300,180,0.0,220
1073,2023-09-04,Laptop Gamer Z,Laptops,Bogotá,2.0,2500,1800,0.0,150
1283,2023-10-24,Smartphone Pro X,Smartphones,Cali,4.0,800,550,0.0,200
1207,2023-10-02,Laptop Gamer Z,Laptops,Medellín,2.0,2500,1800,0.05,180
1203,2023-11-10,Smartwatch Q,Wearables,Medellín,4.0,300,180,0.0,180
1318,2023-11-10,Smartwatch Q,Wearables,Bogotá,1.0,300,180,0.0,150
1380,2023-11-07,Laptop Gamer Z,Laptops,Cali,4.0,2500,1800,0.0,200
1165,2023-10-21,Smartwatch Q,Wearables,Cartagena,4.0,300,180,0.0,250
1003,2023-10-19,Audifonos Bluetooth,Audio,Bogotá,4.0,450,250,0.0,150
1163,2023-09-19,Laptop Gamer Z,Laptops,Cartagena,4.0,2500,1800,0.0,250
1201,2023-11-21,Audifonos Bluetooth,Audio,Cali,1.0,450,250,0.0,200
1276,2023-10-16,Smartwatch Q,Wearables,Medellín,3.0,300,180,0.0,180
1427,2023-10-31,Audifonos Bluetooth,Audio,Barranquilla,3.0,450,250,0.2,220
1192,2023-11-13,Smartphone Pro X,Smartphones,Bogotá,2.0,800,550,0.0,150
1451,2023-09-09,Smartphone Pro X,Smartphones,Bogotá,2.0,800,550,0.0,150
1466,2023-10-12,Audifonos Bluetooth,Audio,Medellín,2.0,450,250,0.0,180
1172,2023-11-08,Smartphone Pro X,Smartphones,Barranquilla,4.0,800,550,0.0,220
1081,2023-10-17,Audifonos Bluetooth,Audio,cartagena,1.0,450,250,0.0,200
1291,2023-11-27,Smartphone Pro X,Smartphones,Cartagena,3.0,800,550,0.42,250
1175,2023-09-04,Smartwatch Q,Wearables,Cali,3.0,300,180,0.15,200
1011,2023-09-27,Laptop Gamer Z,Laptops,Barranquilla,,2500,1800,0.0,220
1468,2023-10-30,Smartphone Pro X,Smartphones,Bogotá,2.0,800,550,0.0,150
1302,2023-10-29,Laptop Gamer Z,Laptops,Bogotá,2.0,2500,1800,0.0,150
1064,2023-09-14,Laptop Gamer Z,Laptops,Bogotá,3.0,2500,1800,0.0,150
1065,2023-10-27,Smartwatch Q,Wearables,Leticia,4.0,300,180,0.0,1650
1062,2023-11-28,Smartwatch Q,Wearables,Cartagena,2.0,300,180,0.42,250
1453,2023-10-12,Smartwatch Q,Wearables,Medellín,1.0,300,180,0.2,180
1322,2023-09-12,Audifonos Bluetooth,Audio,Medellín,4.0,450,250,0.0,180
1462,2023-11-12,Audifonos Bluetooth,Audio,Cartagena,4.0,450,250,0.1,250
1406,2023-11-17,Smartwatch Q,Wearables,Bogotá,1.0,300,180,0.0,150
1082,2023-11-24,Laptop Gamer Z,Laptops,Cali,2.0,2500,1800,0.4,200
1009,2023-09-08,Laptop Gamer Z,Laptops,Leticia,2.0,2500,1800,0.0,1650
1368,2023-10-11,Laptop Gamer Z,Laptops,Medellín,4.0,2500,1800,0.0,180
1280,2023-10-08,Laptop Gamer Z,Laptops,Cali,4.0,2500,1800,0.0,200
1281,2023-09-24,Audifonos Bluetooth,Audio,Bogotá,2.0,450,250,0.0,150
1488,2023-10-01,Smartwatch Q,Wearables,Barranquilla,1.0,300,180,0.0,220
1097,2023-09-16,Smartwatch Q,Wearables,Medellín,2.0,300,180,0.0,180
1086,2023-11-15,Audifonos Bluetooth,Audio,Barranquilla,1.0,450,250,0.0,220
1143,2023-10-28,Smartwatch Q,Wearables,Cartagena,4.0,300,180,0.0,250
1282,2023-09-15,Smartwatch Q,Wearables,cali,2.0,300,180,0.0,200
1449,2023-11-05,Audifonos Bluetooth,Audio,Barranquilla,3.0,450,250,0.0,220
1122,2023-10-15,Audifonos Bluetooth,Audio,Leticia,2.0,450,250,0.0,1650
1415,2023-11-06,Laptop Gamer Z,Laptops,Bogotá,2.0,2500,1800,0.0,150
1038,2023-10-10,Audifonos Bluetooth,Audio,Medellín,1.0,450,250,0.0,180
1181,2023-09-12,Audifonos Bluetooth,Audio,Barranquilla,2.0,450,250,0.0,220
1463,2023-10-07,Smartwatch Q,Wearables,Bogotá,1.0,300,180,0.15,150
1138,2023-10-27,Smartwatch Q,Wearables,Medellín,4.0,300,180,0.0,180
1402,2023-10-27,Laptop Gamer Z,Laptops,Bogotá,1.0,2500,1800,0.0,150
1367,2023-10-06,Smartwatch Q,Wearables,Medellín,3.0,300,180,0.0,180
1286,2023-10-24,Smartwatch Q,Wearables,Medellín,1.0,300,180,0.0,180
1345,2023-11-14,Laptop Gamer Z,Laptops,Leticia,4.0,2500,1800,0.0,1650
1407,2023-11-30,Smartwatch Q,Wearables,Leticia,4.0,300,180,0.4,1650
1176,2023-10-06,Laptop Gamer Z,Laptops,Cali,2.0,2500,1800,0.0,200
1070,2023-11-21,Laptop Gamer Z,Laptops,Bogotá,3.0,2500,1800,0.0,150
1016,2023-10-09,Laptop Gamer Z,Laptops,Bogotá,4.0,2500,1800,0.0,150
1435,2023-11-18,Audifonos Bluetooth,Audio,Bogotá,4.0,450,250,0.0,150
1401,2023-10-19,Smartphone Pro X,Smartphones,Barranquilla,2.0,800,550,0.0,220
1037,2023-10-06,Laptop Gamer Z,Laptops,Medellín,4.0,2500,1800,0.0,180
1208,2023-11-22,Laptop Gamer Z,Laptops,Barranquilla,1.0,2500,1800,0.0,220
1343,2023-11-10,Smartwatch Q,Wearables,Leticia,4.0,300,180,0.0,1650
1168,2023-10-18,Smartwatch Q,Wearables,Cali,4.0,300,180,0.0,200
1059,2023-11-27,Audifonos Bluetooth,Audio,Barranquilla,3.0,450,250,0.45,220
1108,2023-09-03,Smartwatch Q,Wearables,Barranquilla,1.0,300,180,0.0,220
1366,2023-10-10,Smartphone Pro X,Smartphones,Medellín,3.0,800,550,0.05,180
1400,2023-09-08,Smartwatch Q,Wearables,Bogotá,1.0,300,180,0.0,150
1297,2023-11-04,Audifonos Bluetooth,smartphones,Barranquilla,4.0,450,250,0.05,220
1294,2023-09-12,Laptop Gamer Z,Laptops,Cali,1.0,2500,1800,0.0,200
1221,2023-09-01,Audifonos Bluetooth,Audio,Bogotá,3.0,450,250,0.0,150
1093,2023-09-30,Audifonos Bluetooth,Audio,Medellín,4.0,450,250,0.0,180
1490,2023-11-06,Laptop Gamer Z,Laptops,Cartagena,2.0,2500,1800,0.1,250
1499,2023-11-08,Laptop Gamer Z,Laptops,Bogotá,3.0,2500,1800,0.0,150
1266,2023-10-24,Smartphone Pro X,Smartphones,Bogotá,4.0,800,550,0.0,150
1148,2023-11-04,Laptop Gamer Z,Laptops,Medellín,1.0,2500,1800,0.0,180
1135,2023-09-05,Smartwatch Q,Wearables,Medellín,3.0,300,180,0.0,180
1337,2023-10-02,Audifonos Bluetooth,Audio,Cartagena,3.0,450,250,0.05,250
1075,2023-10-19,Laptop Gamer Z,Laptops,Bogotá,3.0,2500,1800,0.0,150
1396,2023-10-03,Laptop Gamer Z,Laptops,Barranquilla,2.0,2500,1800,0.0,220
1484,2023-11-24,Smartphone Pro X,Smartphones,Cartagena,3.0,800,550,0.45,250
1259,2023-09-07,Smartphone Pro X,Smartphones,Medellín,3.0,800,550,0.0,180
1039,2023-11-11,Smartwatch Q,Wearables,Bogotá,4.0,300,180,0.0,150
1376,2023-11-03,Smartphone Pro X,Smartphones,Cartagena,1.0,800,550,0.0,250
1394,2023-10-24,Audifonos Bluetooth,Audio,Medellín,2.0,450,250,0.0,180
1085,2023-11-20,Laptop Gamer Z,Laptops,Barranquilla,2.0,2500,1800,0.0,220
1013,2023-10-24,Audifonos Bluetooth,Audio,Cali,1.0,450,250,0.0,200
1305,2023-11-01,Smartwatch Q,Wearables,Medellín,4.0,300,180,0.05,180
1334,2023-09-09,Smartwatch Q,Wearables,Barranquilla,1.0,300,180,0.0,220
1498,2023-09-30,Smartphone Pro X,Smartphones,Cali,2.0,800,550,0.0,200
1173,2023-11-10,Smartphone Pro X,Smartphones,Cartagena,2.0,800,550,0.0,250
1313,2023-09-19,Audifonos Bluetooth,Audio,Bogotá,2.0,450,250,0.0,150
1324,2023-11-06,Audifonos Bluetooth,Audio,Bogotá,2.0,450,250,0.0,150
1391,2023-11-04,Smartwatch Q,Wearables,Medellín,1.0,300,180,0.0,180
1410,2023-11-26,Smartwatch Q,Wearables,Leticia,4.0,300,180,0.4,1650
1005,2023-11-03,Audifonos Bluetooth,Audio,Bogotá,2.0,450,250,0.0,150
1358,2023-11-11,Smartphone Pro X,Smartphones,Cali,1.0,800,550,0.15,200
1301,2023-09-20,Smartwatch Q,Wearables,Barranquilla,4.0,300,180,0.0,220
1145,2023-11-13,Smartwatch Q,Wearables,Leticia,2.0,300,180,0.0,1650
1260,2023-09-20,Smartphone Pro X,Smartphones,Medellín,3.0,800,550,0.0,180
1055,2023-10-26,Smartphone Pro X,Smartphones,Cartagena,1.0,800,550,0.0,250
1196,2023-10-30,Smartphone Pro X,Smartphones,Medellín,1.0,800,550,0.0,180
1164,2023-10-26,Laptop Gamer Z,Laptops,Barranquilla,2.0,2500,1800,0.0,220
1210,2023-10-27,Smartwatch Q,Wearables,Cali,4.0,300,180,0.0,200
1381,2023-10-08,Laptop Gamer Z,Laptops,Barranquilla,2.0,2500,1800,0.0,220
1234,2023-09-10,Audifonos Bluetooth,Audio,Medellín,1.0,450,250,0.0,180
1383,2023-10-26,Audifonos Bluetooth,Audio,Medellín,3.0,450,250,0.0,180
1303,2023-09-12,Laptop Gamer Z,Laptops,Bogotá,3.0,2500,1800,0.0,150
1277,2023-10-28,Audifonos Bluetooth,LAPTOPS,Barranquilla,3.0,450,250,0.15,220
1107,2023-10-29,Smartphone Pro X,Smartphones,Medellín,4.0,800,550,0.0,180
1320,2023-09-11,Laptop Gamer Z,Laptops,Cali,2.0,2500,1800,0.0,200
1393,2023-10-27,Audifonos Bluetooth,Audio,Cartagena,4.0,450,250,0.0,250
1025,2023-10-01,Smartphone Pro X,Smartphones,Bogotá,2.0,800,550,0.0,150
1044,2023-11-23,Laptop Gamer Z,Laptops,Bogotá,1.0,2500,1800,0.0,150
1309,2023-09-20,Audifonos Bluetooth,Audio,Leticia,3.0,450,250,0.0,1650
1325,2023-10-27,Audifonos Bluetooth,Audio,Medellín,1.0,450,250,0.0,180
1272,2023-10-03,Audifonos Bluetooth,Audio,Bogotá,1.0,450,250,0.0,150
1346,2023-11-13,Smartphone Pro X,Smartphones,Barranquilla,1.0,800,550,0.0,220
1083,2023-09-05,Laptop Gamer Z,Laptops,Leticia,4.0,2500,1800,0.15,1650
1167,2023-10-02,Smartphone Pro X,Smartphones,Leticia,1.0,800,550,0.0,1650
1223,2023-11-09,Smartphone Pro X,Smartphones,Bogotá,2.0,800,550,0.0,150
1446,2023-10-15,Smartphone Pro X,Smartphones,Bogotá,2.0,800,550,0.0,150
1125,2023-11-05,Smartwatch Q,Wearables,Cartagena,2.0,300,180,0.0,250
1443,2023-09-01,Smartphone Pro X,Smartphones,Medellín,4.0,800,550,0.0,180
1102,2023-09-27,Smartwatch Q,Wearables,Bogotá,1.0,300,180,0.0,150
1460,2023-09-09,Smartphone Pro X,Smartphones,Barranquilla,4.0,800,550,0.0,220
1077,2023-10-30,Audifonos Bluetooth,Audio,Barranquilla,1.0,450,250,0.0,220
1133,2023-11-07,Audifonos Bluetooth,Audio,Leticia,1.0,450,250,0.0,1650
1196,2023-10-30,Smartphone Pro X,Smartphones,Medellín,1.0,800,550,0.0,180
1151,2023-11-20,Smartwatch Q,Wearables,Bogotá,3.0,300,180,0.0,150
1483,2023-09-18,Smartphone Pro X,Smartphones,Bogotá,1.0,800,550,0.0,150
1027,2023-09-01,Smartphone Pro X,Smartphones,Bogotá,2.0,800,550,0.05,150
1341,2023-10-01,Smartphone Pro X,Smartphones,Cartagena,1.0,800,550,0.0,250
1467,2023-11-02,Audifonos Bluetooth,Audio,Medellín,4.0,450,250,0.15,180
1113,2023-09-06,Laptop Gamer Z,Laptops,Bogotá,4.0,2500,1800,0.0,150
1307,2023-11-11,Audifonos Bluetooth,Audio,Cali,4.0,450,250,0.0,200
1482,2023-11-06,Smartwatch Q,Wearables,Cartagena,1.0,300,180,0.0,250
1375,2023-09-13,Smartwatch Q,Wearables,Medellín,3.0,300,180,0.0,180
1028,2023-11-27,Laptop Gamer Z,Laptops,Leticia,4.0,2500,1800,0.4,1650
1263,2023-11-11,Audifonos Bluetooth,Audio,Cali,1.0,450,250,0.0,200
1378,2023-10-14,Audifonos Bluetooth,Audio,Cali,3.0,450,250,0.15,200
1111,2023-09-16,Audifonos Bluetooth,Audio,Medellín,2.0,450,250,0.0,180
1470,2023-11-02,Laptop Gamer Z,Laptops,Bogotá,2.0,2500,1800,0.0,150
1205,2023-10-23,Smartphone Pro X,Smartphones,Leticia,4.0,800,550,0.0,1650
1231,2023-10-10,Audifonos Bluetooth,Audio,Leticia,1.0,450,250,0.0,1650
1191,2023-11-27,Laptop Gamer Z,Laptops,Bogotá,3.0,2500,1800,0.45,150
1485,2023-11-22,Laptop Gamer Z,Laptops,Medellín,4.0,2500,1800,0.0,180
1206,2023-09-11,Smartwatch Q,Wearables,Cartagena,3.0,300,180,0.0,250
1261,2023-10-06,Audifonos Bluetooth,Audio,Cali,2.0,450,250,0.15,200
1171,2023-09-13,Audifonos Bluetooth,Audio,Cali,3.0,450,250,0.0,200
1422,2023-11-22,Smartwatch Q,Wearables,Cartagena,4.0,300,180,0.0,250
1431,2023-10-05,Audifonos Bluetooth,Audio,Leticia,3.0,450,250,0.0,1650
1057,2023-10-28,Smartphone Pro X,Smartphones,Medellín,3.0,800,550,0.0,180
1149,2023-10-22,Smartphone Pro X,Smartphones,Bogotá,2.0,800,550,0.0,150
1242,2023-09-01,Smartwatch Q,Wearables,Cali,4.0,300,180,0.1,200
1088,2023-11-28,Audifonos Bluetooth,Audio,Medellín,2.0,450,250,0.4,180
1248,2023-11-17,Smartphone Pro X,Smartphones,Medellín,1.0,800,550,0.0,180
1091,2023-11-26,Smartwatch Q,Wearables,Leticia,3.0,300,180,0.45,1650
1098,2023-09-10,Audifonos Bluetooth,Audio,Cartagena,2.0,450,250,0.0,250
1117,2023-09-20,Smartwatch Q,Wearables,Bogotá,3.0,300,180,0.0,150
1182,2023-10-27,Audifonos Bluetooth,Audio,Cali,3.0,450,250,0.0,200
1414,2023-09-18,Smartwatch Q,Wearables,Barranquilla,2.0,300,180,0.15,220
1409,2023-09-13,Audifonos Bluetooth,Audio,Medellín,4.0,450,250,0.0,180
1214,2023-10-27,Smartphone Pro X,Smartphones,Cartagena,3.0,800,550,0.0,250
1395,2023-11-20,Smartphone Pro X,Smartphones,Bogotá,1.0,800,550,0.2,150
1289,2023-11-02,Laptop Gamer Z,Laptops,Cali,4.0,2500,1800,0.0,200
1404,2023-09-12,Smartwatch Q,Wearables,Bogotá,2.0,300,180,0.0,150
1492,2023-09-30,Smartwatch Q,Wearables,Cali,3.0,300,180,0.0,200
1338,2023-09-21,Smartwatch Q,Wearables,Leticia,3.0,300,180,0.0,1650
1425,2023-11-19,Smartwatch Q,Wearables,Cali,1.0,300,180,0.0,200
1226,2023-11-05,Laptop Gamer Z,Laptops,Bogotá,1.0,2500,1800,0.1,150
1090,2023-11-28,Audifonos Bluetooth,Audio,Cali,4.0,450,250,0.42,200
1333,2023-10-07,Audifonos Bluetooth,Audio,Barranquilla,4.0,450,250,0.0,220
1330,2023-09-25,Laptop Gamer Z,Laptops,Leticia,4.0,2500,1800,0.15,1650
1479,2023-11-07,Smartwatch Q,Wearables,Bogotá,4.0,300,180,0.0,150
1374,2023-10-24,Laptop Gamer Z,Laptops,Medellín,4.0,2500,1800,0.0,180
1464,2023-10-18,Smartwatch Q,Wearables,Cartagena,1.0,300,180,0.0,250
1015,2023-09-11,Audifonos Bluetooth,Audio,Cartagena,2.0,450,250,0.0,250
1456,2023-09-07,Audifonos Bluetooth,Audio,Medellín,2.0,450,250,0.0,180
1336,2023-11-29,Audifonos Bluetooth,Audio,Leticia,4.0,450,250,0.45,1650
1121,2023-10-28,Smartwatch Q,Wearables,Medellín,4.0,300,180,0.0,180
1043,2023-10-09,Smartwatch Q,Wearables,Medellín,4.0,300,180,0.0,180
1197,2023-10-02,Smartwatch Q,Wearables,Leticia,2.0,300,180,0.2,1650
1034,2023-11-11,Laptop Gamer Z,Laptops,Bogotá,1.0,2500,1800,0.0,150
1480,2023-09-07,Laptop Gamer Z,Laptops,Cali,1.0,2500,1800,0.05,200
1434,2023-10-01,Smartwatch Q,Wearables,Cartagena,3.0,300,180,0.0,250
1311,2023-11-30,Smartwatch Q,Wearables,Cartagena,3.0,300,180,0.4,250
1339,2023-11-18,Audifonos Bluetooth,Audio,Barranquilla,4.0,450,250,0.0,220
1306,2023-09-29,Smartwatch Q,Wearables,Bogotá,2.0,300,180,0.0,150
1293,2023-09-24,Smartwatch Q,Wearables,Cartagena,4.0,300,180,0.0,250
1017,2023-11-24,Laptop Gamer Z,Laptops,Barranquilla,2.0,2500,1800,0.42,220
1159,2023-10-12,Smartwatch Q,AUDIO,Cartagena,3.0,300,180,0.15,250
1244,2023-11-14,Audifonos Bluetooth,Audio,Cali,3.0,450,250,0.2,200
1067,2023-11-27,Audifonos Bluetooth,Audio,Cartagena,3.0,450,250,0.45,250
1428,2023-11-21,Laptop Gamer Z,Laptops,Leticia,3.0,2500,1800,0.0,1650
1447,2023-11-16,Audifonos Bluetooth,Audio,Cali,4.0,450,250,0.0,200
1120,2023-09-19,Smartwatch Q,Wearables,Medellín,3.0,300,180,0.1,180
1458,2023-09-19,Laptop Gamer Z,Laptops,Cali,2.0,2500,1800,0.0,200
1066,2023-09-04,Laptop Gamer Z,Laptops,Medellín,2.0,2500,1800,0.0,180
1475,2023-09-18,Smartphone Pro X,Smartphones,Barranquilla,2.0,800,550,0.2,220
1010,2023-10-05,Smartphone Pro X,Smartphones,Bogotá,4.0,800,550,0.05,150
1019,2023-09-02,Smartphone Pro X,Smartphones,Leticia,3.0,800,550,0.0,1650
1154,2023-10-28,Audifonos Bluetooth,Audio,Medellín,3.0,450,250,0.0,180
1304,2023-10-23,Smartphone Pro X,Smartphones,Medellín,2.0,800,550,0.0,180
1257,2023-09-15,Audifonos Bluetooth,Audio,Cali,3.0,450,250,0.05,200
1389,2023-11-09,Smartwatch Q,Wearables,Bogotá,2.0,300,180,0.1,150
1273,2023-09-17,Audifonos Bluetooth,Audio,Cartagena,1.0,450,250,0.0,250
1134,2023-11-29,Laptop Gamer Z,Laptops,Medellín,1.0,2500,1800,0.42,180
1413,2023-09-17,Laptop Gamer Z,Laptops,Cartagena,3.0,2500,1800,0.15,250
1254,2023-09-23,Laptop Gamer Z,Laptops,Medellín,4.0,2500,1800,0.0,180
1271,2023-11-10,Smartwatch Q,Wearables,Cartagena,4.0,300,180,0.0,250
1162,2023-09-25,Audifonos Bluetooth,Audio,Leticia,3.0,450,250,0.0,1650
1287,2023-11-25,Laptop Gamer Z,Laptops,Leticia,4.0,2500,1800,0.4,1650
1363,2023-10-03,Smartphone Pro X,Smartphones,Barranquilla,1.0,800,550,0.0,220
1342,2023-10-03,Smartphone Pro X,Smartphones,Cali,4.0,800,550,0.0,200
1347,2023-09-01,Laptop Gamer Z,Laptops,Bogotá,2.0,2500,1800,0.0,150
1436,2023-11-29,Audifonos Bluetooth,Audio,Barranquilla,2.0,450,250,0.42,220
1002,2023-11-15,Laptop Gamer Z,Laptops,Medellín,,2500,1800,0.0,180
1225,2023-09-18,Laptop Gamer Z,Laptops,Cartagena,4.0,2500,1800,0.0,250
1208,2023-11-22,Laptop Gamer Z,Laptops,Barranquilla,1.0,2500,1800,0.0,220
1118,2023-10-06,Smartphone Pro X,Smartphones,Bogotá,2.0,800,550,0.0,150
1433,2023-09-23,Smartphone Pro X,Smartphones,Leticia,4.0,800,550,0.0,1650
1361,2023-10-16,Laptop Gamer Z,Laptops,Barranquilla,3.0,2500,1800,0.0,220
1369,2023-09-18,Audifonos Bluetooth,Audio,Bogotá,3.0,450,250,0.0,150
1265,2023-09-02,Laptop Gamer Z,Laptops,Medellín,4.0,2500,1800,0.0,180
1275,2023-09-11,Smartwatch Q,Wearables,Barranquilla,2.0,300,180,0.0,220
1071,2023-10-07,Audifonos Bluetooth,Audio,Bogotá,4.0,450,250,0.0,150
1129,2023-11-03,Smartwatch Q,Wearables,Leticia,4.0,300,180,0.0,1650
1493,2023-10-07,Laptop Gamer Z,Laptops,Cali,3.0,2500,1800,0.0,200
1099,2023-10-02,Laptop Gamer Z,Laptops,Medellín,2.0,2500,1800,0.2,180
1373,2023-11-06,Laptop Gamer Z,Laptops,Medellín,1.0,2500,1800,0.0,180
1022,2023-11-08,Smartwatch Q,Wearables,Leticia,4.0,300,180,0.05,1650
1194,2023-09-12,Audifonos Bluetooth,Audio,Cali,1.0,450,250,0.0,200
1006,2023-10-29,Laptop Gamer Z,Laptops,Bogotá,1.0,2500,1800,0.0,150
1419,2023-10-06,Audifonos Bluetooth,Audio,Cali,4.0,450,250,0.05,200
1314,2023-10-08,Audifonos Bluetooth,Audio,Barranquilla,3.0,450,250,0.05,220
1136,2023-11-24,Smartphone Pro X,Smartphones,BOGOTÁ,2.0,800,550,0.42,150
1445,2023-10-10,Smartwatch Q,Wearables,Barranquilla,4.0,300,180,0.0,220
1384,2023-11-27,Laptop Gamer Z,Laptops,Cali,3.0,2500,1800,0.42,200
1328,2023-11-01,Audifonos Bluetooth,Audio,Medellín,3.0,450,250,0.15,180
1199,2023-11-23,Smartphone Pro X,Smartphones,Barranquilla,4.0,800,550,0.2,220
1424,2023-11-01,Laptop Gamer Z,Laptops,Cali,4.0,2500,1800,0.0,200
1204,2023-11-11,Laptop Gamer Z,Laptops,Bogotá,2.0,2500,1800,0.2,150
1068,2023-10-12,Laptop Gamer Z,Laptops,Cali,3.0,2500,1800,0.0,200
1224,2023-10-25,Smartphone Pro X,Smartphones,Medellín,2.0,800,550,0.1,180
1128,2023-10-09,Laptop Gamer Z,Laptops,Bogotá,4.0,2500,1800,0.0,150
1144,2023-10-13,Laptop Gamer Z,Laptops,Cali,2.0,2500,1800,0.0,200
1327,2023-09-24,Laptop Gamer Z,Laptops,Leticia,4.0,2500,1800,0.0,1650
1140,2023-11-24,Smartwatch Q,Wearables,Leticia,4.0,300,180,0.42,1650
1219,2023-10-04,Audifonos Bluetooth,Audio,Bogotá,3.0,450,250,0.0,150
1090,2023-11-28,Audifonos Bluetooth,Audio,Cali,4.0,450,250,0.42,200
1331,2023-10-29,Smartwatch Q,Wearables,Cali,1.0,300,180,0.0,200
1158,2023-11-14,Smartwatch Q,Wearables,Bogotá,4.0,300,180,0.0,150
1095,2023-09-08,Laptop Gamer Z,Laptops,Bogotá,3.0,2500,1800,0.0,150
1256,2023-11-05,Audifonos Bluetooth,Audio,Leticia,4.0,450,250,0.0,1650
1481,2023-11-29,Smartphone Pro X,Smartphones,Bogotá,4.0,800,550,0.45,150
1132,2023-10-04,Audifonos Bluetooth,Audio,Leticia,2.0,450,250,0.0,1650
1227,2023-10-03,Smartwatch Q,Wearables,Medellín,2.0,300,180,0.0,180
1040,2023-10-17,Laptop Gamer Z,Laptops,bogota,3.0,2500,1800,0.0,150
1489,2023-09-12,Laptop Gamer Z,Laptops,Medellín,4.0,2500,1800,0.0,180
1500,2023-09-26,Smartwatch Q,Wearables,Cali,4.0,300,180,0.0,200
1190,2023-10-21,Laptop Gamer Z,Laptops,Barranquilla,2.0,2500,1800,0.0,220
1454,2023-11-18,Smartwatch Q,Wearables,Leticia,4.0,300,180,0.0,1650
1441,2023-09-15,Laptop Gamer Z,Laptops,Bogotá,3.0,2500,1800,0.0,150
1249,2023-09-13,Smartwatch Q,Wearables,Barranquilla,3.0,300,180,0.0,220
1039,2023-11-11,Smartwatch Q,Wearables,Bogotá,4.0,300,180,0.0,150
1243,2023-10-30,Smartphone Pro X,Smartphones,Medellín,3.0,800,550,0.0,180
1354,2023-10-18,Smartwatch Q,Wearables,Barranquilla,4.0,300,180,0.0,220
1417,2023-11-14,Smartwatch Q,Wearables,Bogotá,4.0,300,180,0.0,150
1139,2023-09-06,Smartphone Pro X,Smartphones,Bogotá,1.0,800,550,0.0,150
1023,2023-09-18,Smartwatch Q,Wearables,Leticia,2.0,300,180,0.1,1650
1160,2023-10-26,Laptop Gamer Z,Laptops,Cali,1.0,2500,1800,0.0,200
1026,2023-10-12,Smartwatch Q,Wearables,Medellín,2.0,300,180,0.0,180
1184,2023-09-24,Smartwatch Q,Wearables,Medellín,4.0,300,180,0.0,180
1241,2023-11-17,Laptop Gamer Z,Laptops,Bogotá,2.0,2500,1800,0.0,150
1014,2023-11-27,Laptop Gamer Z,Laptops,Leticia,1.0,2500,1800,0.4,1650
1146,2023-11-01,Smartwatch Q,Wearables,Leticia,3.0,300,180,0.0,1650
1416,2023-10-21,Audifonos Bluetooth,Audio,Medellín,2.0,450,250,0.0,180
1315,2023-11-19,Smartphone Pro X,Smartphones,Barranquilla,3.0,800,550,0.0,220
1362,2023-10-06,Smartwatch Q,Wearables,Bogotá,3.0,300,180,0.0,150
1079,2023-09-10,Smartphone Pro X,Smartphones,Barranquilla,1.0,800,550,0.0,220
1321,2023-10-25,Smartwatch Q,Wearables,Bogotá,1.0,300,180,0.0,150
1486,2023-11-01,Audifonos Bluetooth,laptops,Medellín,2.0,450,250,0.0,180
1185,2023-10-14,Smartwatch Q,Wearables,Cali,4.0,300,180,0.0,200
1397,2023-11-04,Audifonos Bluetooth,Audio,Leticia,2.0,450,250,0.0,1650
1053,2023-09-27,Smartwatch Q,Wearables,Bogotá,3.0,300,180,0.0,150
1465,2023-11-14,Smartphone Pro X,Smartphones,Bogotá,3.0,800,550,0.0,150
1035,2023-09-19,Laptop Gamer Z,Laptops,Cali,2.0,2500,1800,0.0,200
1335,2023-11-13,Laptop Gamer Z,Laptops,Cali,2.0,2500,1800,0.0,200
1496,2023-10-01,Laptop Gamer Z,Laptops,Cali,3.0,2500,1800,0.0,200
1377,2023-10-04,Smartwatch Q,Wearables,Cartagena,2.0,300,180,0.0,250
1185,2023-10-14,Smartwatch Q,Wearables,Cali,4.0,300,180,0.0,200
1312,2023-10-29,Smartwatch Q,Wearables,Leticia,4.0,300,180,0.0,1650
1326,2023-09-22,Audifonos Bluetooth,Audio,Bogotá,3.0,450,250,0.0,150
1188,2023-09-22,Audifonos Bluetooth,Audio,Cali,1.0,450,250,0.0,200
1285,2023-11-04,Smartwatch Q,Wearables,Medellín,4.0,300,180,0.0,180
1392,2023-09-29,Smartwatch Q,Wearables,Bogotá,2.0,300,180,0.0,150
1388,2023-11-15,Smartwatch Q,Wearables,Leticia,4.0,300,180,0.0,1650
1469,2023-09-26,Smartphone Pro X,Smartphones,Cali,3.0,800,550,0.15,200
1166,2023-10-15,Audifonos Bluetooth,Audio,Barranquilla,4.0,450,250,0.0,220
1403,2023-09-08,Smartphone Pro X,Laptop,Bogotá,1.0,800,550,0.0,150
1299,2023-10-03,Audifonos Bluetooth,Audio,Cartagena,3.0,450,250,0.1,250
1024,2023-10-17,Smartphone Pro X,Smartphones,Medellín,,800,550,0.05,180
1476,2023-09-27,Laptop Gamer Z,Laptops,Medellín,3.0,2500,1800,0.0,180
1348,2023-09-06,Smartwatch Q,Wearables,Leticia,1.0,300,180,0.0,1650
1430,2023-09-28,Audifonos Bluetooth,Audio,Medellín,3.0,450,250,0.0,180
1183,2023-10-04,Smartphone Pro X,Smartphones,Bogotá,3.0,800,550,0.0,150
1344,2023-10-26,Smartwatch Q,Wearables,Bogotá,1.0,300,180,0.0,150
1042,2023-11-18,Smartwatch Q,Wearables,Leticia,2.0,300,180,0.0,1650
1357,2023-10-18,Audifonos Bluetooth,Audio,Cali,4.0,450,250,0.0,200
1237,2023-10-21,Laptop Gamer Z,Laptops,Leticia,2.0,2500,1800,0.0,1650
1455,2023-11-26,Smartwatch Q,Wearables,Cali,2.0,300,180,0.45,200
1351,2023-11-07,Audifonos Bluetooth,Audio,Cali,4.0,450,250,0.05,200
1076,2023-10-23,Audifonos Bluetooth,Audio,Bogotá,4.0,450,250,0.05,150
1032,2023-09-15,Audifonos Bluetooth,Audio,Barranquilla,2.0,450,250,0.0,220
1350,2023-09-16,Smartwatch Q,Wearables,Cartagena,4.0,300,180,0.0,250
1046,2023-10-02,Smartwatch Q,Wearables,Medellín,1.0,300,180,0.0,180
1474,2023-11-16,Laptop Gamer Z,Laptops,Bogotá,1.0,2500,1800,0.0,150
1109,2023-11-22,Audifonos Bluetooth,Audio,Medellín,4.0,450,250,0.0,180
1106,2023-09-13,Audifonos Bluetooth,Audio,Cali,3.0,450,250,0.0,200
1150,2023-10-11,Laptop Gamer Z,Laptops,Bogotá,2.0,2500,1800,0.2,150
1030,2023-11-10,Audifonos Bluetooth,Audio,Medellín,4.0,450,250,0.0,180
1182,2023-10-27,Audifonos Bluetooth,Audio,Cali,3.0,450,250,0.0,200
1110,2023-09-21,Smartwatch Q,Wearables,Bogotá,4.0,300,180,0.0,150
1420,2023-09-29,Audifonos Bluetooth,Audio,Medellín,4.0,450,250,0.0,180
1123,2023-09-04,Smartphone Pro X,Smartphones,Bogotá,4.0,800,550,0.0,150
1478,2023-09-12,Audifonos Bluetooth,Audio,Bogotá,1.0,450,250,0.0,150
1105,2023-11-20,Smartwatch Q,Wearables,Cali,4.0,300,180,0.0,200
1061,2023-10-14,Laptop Gamer Z,Laptops,Barranquilla,1.0,2500,1800,0.0,220
1147,2023-09-23,Smartphone Pro X,Smartphones,Cali,2.0,800,550,0.2,200
1084,2023-11-03,Laptop Gamer Z,Laptops,Barranquilla,2.0,2500,1800,0.0,220
1316,2023-11-27,Smartphone Pro X,Smartphones,Leticia,1.0,800,550,0.4,1650
1382,2023-11-25,Laptop Gamer Z,Laptops,Cartagena,4.0,2500,1800,0.45,250
1423,2023-10-23,Audifonos Bluetooth,SMARTPHONES,Medellín,4.0,450,250,0.15,180
1439,2023-10-08,Audifonos Bluetooth,Audio,Medellín,3.0,450,250,0.0,180
1228,2023-09-07,Smartphone Pro X,Smartphones,Leticia,4.0,800,550,0.15,1650
1449,2023-11-05,Audifonos Bluetooth,Audio,Barranquilla,3.0,450,250,0.0,220
1152,2023-09-06,Smartwatch Q,Wearables,Leticia,2.0,300,180,0.0,1650
1001,2023-09-24,Smartwatch Q,Wearables,BARRANQUILLA,3.0,300,180,0.0,220
1268,2023-10-14,Audifonos Bluetooth,Audio,Medellín,2.0,450,250,0.15,180
1497,2023-11-24,Audifonos Bluetooth,Audio,Medellín,2.0,450,250,0.45,180
1089,2023-10-04,Laptop Gamer Z,Laptops,Cali,4.0,2500,1800,0.0,200
1078,2023-11-16,Laptop Gamer Z,Laptops,Medellín,3.0,2500,1800,0.2,180
1269,2023-10-03,Smartwatch Q,Wearables,Barranquilla,2.0,300,180,0.0,220
1418,2023-09-21,Laptop Gamer Z,Laptops,Medellín,1.0,2500,1800,0.0,180
1124,2023-09-20,Audifonos Bluetooth,Audio,Leticia,2.0,450,250,0.0,1650
1298,2023-09-06,Smartphone Pro X,Smartphones,Barranquilla,4.0,800,550,0.0,220
1370,2023-10-16,Laptop Gamer Z,Laptops,Cali,2.0,2500,1800,0.0,200
1096,2023-09-29,Laptop Gamer Z,Laptops,Medellín,1.0,2500,1800,0.0,180
1495,2023-09-29,Audifonos Bluetooth,Audio,CARTAGENA,3.0,450,250,0.0,200
1012,2023-11-12,Audifonos Bluetooth,Audio,Cali,2.0,450,250,0.0,200
1115,2023-11-19,Laptop Gamer Z,Laptops,Cali,2.0,2500,1800,0.15,200
1332,2023-09-15,Laptop Gamer Z,Laptops,Barranquilla,4.0,2500,1800,0.0,220
1429,2023-11-21,Smartphone Pro X,Smartphones,Cali,2.0,800,550,0.15,200
1258,2023-11-21,Laptop Gamer Z,Laptops,Cali,3.0,2500,1800,0.0,200
1220,2023-11-15,Audifonos Bluetooth,Audio,Medellín,1.0,450,250,0.0,180
1438,2023-11-04,Audifonos Bluetooth,Audio,Cali,1.0,450,250,0.0,200
1253,2023-09-07,Smartwatch Q,Wearables,Cartagena,3.0,300,180,0.0,250
1353,2023-09-20,Audifonos Bluetooth,Audio,Barranquilla,4.0,450,250,0.1,220
1493,2023-10-07,Laptop Gamer Z,Laptops,Cali,3.0,2500,1800,0.0,200
1262,2023-09-16,Smartwatch Q,Wearables,Leticia,4.0,300,180,0.0,1650
1444,2023-11-10,Audifonos Bluetooth,Audio,Leticia,1.0,450,250,0.0,1650
1179,2023-10-10,Audifonos Bluetooth,Audio,Barranquilla,2.0,450,250,0.0,220
1411,2023-09-26,Smartphone Pro X,Smartphones,Leticia,3.0,800,550,0.0,1650
1279,2023-11-28,Smartwatch Q,Wearables,Leticia,1.0,300,180,0.45,1650
1020,2023-09-16,Smartwatch Q,Wearables,Barranquilla,4.0,300,180,0.2,220
1356,2023-11-07,Smartphone Pro X,Smartphones,Cartagena,3.0,800,550,0.0,250
1170,2023-11-21,Smartphone Pro X,Smartphones,Medellín,4.0,800,550,0.0,180
1240,2023-09-03,Audifonos Bluetooth,Audio,Medellín,1.0,450,250,0.0,180
1278,2023-11-04,Smartphone Pro X,Smartphones,Leticia,2.0,800,550,0.0,1650
1161,2023-10-18,Smartphone Pro X,Smartphones,Bogotá,3.0,800,550,0.0,150
1074,2023-10-04,Laptop Gamer Z,Laptops,Leticia,2.0,2500,1800,0.0,1650
1018,2023-10-23,Smartphone Pro X,Smartphones,Leticia,4.0,800,550,0.0,1650
1063,2023-11-28,Smartphone Pro X,Smartphones,Cartagena,3.0,800,550,0.42,250
1250,2023-11-25,Laptop Gamer Z,Laptops,Leticia,2.0,2500,1800,0.45,1650
1229,2023-10-31,Smartphone Pro X,Smartphones,Cali,2.0,800,550,0.15,200
1239,2023-10-04,Smartphone Pro X,Smartphones,Leticia,4.0,800,550,0.0,1650
1230,2023-11-05,Smartwatch Q,Wearables,Cartagena,2.0,300,180,0.0,250
1319,2023-10-26,Smartwatch Q,Wearables,Bogotá,3.0,300,180,0.15,150
1284,2023-09-22,Smartphone Pro X,Smartphones,Leticia,4.0,800,550,0.0,1650
1048,2023-10-07,Smartwatch Q,Wearables,Bogotá,,300,180,0.0,150
1251,2023-09-19,Laptop Gamer Z,Laptops,Cali,1.0,2500,1800,0.0,200
1080,2023-11-18,Smartphone Pro X,Smartphones,Cartagena,1.0,800,550,0.0,250
1296,2023-11-10,Audifonos Bluetooth,Audio,Medellín,2.0,450,250,0.1,180
1494,2023-09-01,Audifonos Bluetooth,Audio,Bogotá,3.0,450,250,0.0,150
1021,2023-09-04,Laptop Gamer Z,Laptops,Cartagena,2.0,2500,1800,0.15,250
1457,2023-10-23,Smartwatch Q,Wearables,Medellín,3.0,300,180,0.0,180
1425,2023-11-19,Smartwatch Q,Wearables,Cali,1.0,300,180,0.0,200
1141,2023-11-13,Audifonos Bluetooth,Audio,barranquilla,3.0,450,250,0.0,220
1193,2023-09-14,Laptop Gamer Z,Laptops,medellin,2.0,2500,1800,0.0,150
1131,2023-09-04,Smartwatch Q,Wearables,Medellín,3.0,300,180,0.05,180
1216,2023-10-10,Smartphone Pro X,Smartphones,Medellín,3.0,800,550,0.0,180
1245,2023-11-29,Smartwatch Q,Wearables,Cali,1.0,300,180,0.42,200
1364,2023-10-16,Audifonos Bluetooth,Audio,Cali,4.0,450,250,0.0,200
1487,2023-11-30,Smartphone Pro X,Smartphones,Bogotá,1.0,800,550,0.4,150
1060,2023-11-23,Audifonos Bluetooth,Audio,Leticia,3.0,450,250,0.15,1650
1222,2023-09-05,Audifonos Bluetooth,Audio,Bogotá,2.0,450,250,0.1,150
1177,2023-10-30,Smartwatch Q,Wearables,Bogotá,2.0,300,180,0.0,150
1450,2023-09-26,Smartphone Pro X,Smartphones,Barranquilla,2.0,800,550,0.0,220
1056,2023-11-29,Smartphone Pro X,Smartphones,Bogotá,3.0,800,550,0.42,150
1292,2023-10-15,Laptop Gamer Z,Laptops,Medellín,3.0,2500,1800,0.0,180
1255,2023-09-05,Laptop Gamer Z,Laptops,Bogotá,1.0,2500,1800,0.0,150
1408,2023-10-15,Smartwatch Q,Wearables,Barranquilla,2.0,300,180,0.0,220
1386,2023-09-15,Smartwatch Q,Wearables,Bogotá,2.0,300,180,0.0,150
1437,2023-10-11,Audifonos Bluetooth,Audio,Bogotá,1.0,450,250,0.0,150
1198,2023-11-25,Smartphone Pro X,Smartphones,Barranquilla,1.0,800,550,0.45,220
1069,2023-11-20,Audifonos Bluetooth,Audio,Barranquilla,3.0,450,250,0.0,220
1211,2023-11-09,Smartphone Pro X,Smartphones,Cali,2.0,800,550,0.0,200
1233,2023-10-08,Smartphone Pro X,Smartphones,Bogotá,2.0,800,550,0.0,150
1202,2023-09-29,Smartwatch Q,Wearables,Medellín,1.0,300,180,0.0,180
1169,2023-09-06,Smartwatch Q,Wearables,Medellín,3.0,300,180,0.0,180
1186,2023-10-02,Laptop Gamer Z,Laptops,Bogotá,2.0,2500,1800,0.2,150
1036,2023-10-08,Smartphone Pro X,Smartphones,Bogota,3.0,800,550,0.0,220
1130,2023-10-22,Smartwatch Q,Wearables,Bogotá,2.0,300,180,0.0,150
